customer_id,country_name,age,customer_name,is_subscriber,subscriber_type,num_streams
1,united_states,28,Kasen Todd,False,aavail_premium,23
2,singapore,37,Ensley Garza,False,aavail_unlimited,12
2,singapore,37,Ensley Garza,True,aavail_unlimited,12
3,united_states,29,Lillian Carey,False,aavail_premium,22
3,united_states,29,Lillian Carey,True,aavail_premium,22
4,united_states,27,Beau Christensen,False,aavail_basic,19
5,singapore,28,Ernesto Gibson,False,aavail_premium,23
6,united_states,29,Deshawn Murray,False,aavail_premium,20
7,singapore,-44,Daxton Tate,False,aavail_basic,18
7,singapore,-44,Daxton Tate,True,aavail_basic,18
8,united_states,-46,Tenley Small,False,aavail_premium,20
9,united_states,28,Kyra Chase,False,aavail_premium,24
9,united_states,28,Kyra Chase,True,aavail_premium,24
10,united_states,33,London Barber,False,aavail_basic,20
10,united_states,33,London Barber,True,aavail_basic,20
11,united_states,21,Rohan Rivas,False,aavail_premium,18
12,singapore,46,Romina Ross,False,aavail_unlimited,1
13,united_states,27,Liberty Moore,False,aavail_premium,21
14,united_states,26,Yusuf Huber,False,aavail_basic,22
15,united_states,30,Brantley Suarez,False,aavail_premium,20
16,united_states,29,Skyler Ray,False,aavail_basic,5
17,united_states,34,Joel Boyd,False,aavail_premium,24
18,singapore,-48,Zayne Torres,False,aavail_basic,17
18,singapore,-48,Zayne Torres,True,aavail_basic,17
19,united_states,35,Madden Cross,False,aavail_premium,19
20,united_states,27,Jabari Eaton,False,aavail_premium,5
21,singapore,45,Claudia Hickman,False,aavail_unlimited,5
21,singapore,45,Claudia Hickman,True,aavail_unlimited,5
22,singapore,48,Darwin Parker,False,aavail_basic,19
22,singapore,48,Darwin Parker,True,aavail_basic,19
23,united_states,29,Josiah Pruitt,False,aavail_unlimited,23
24,singapore,30,Derek Landry,False,aavail_basic,14
24,singapore,30,Derek Landry,True,aavail_basic,14
25,singapore,27,Sage Dejesus,False,aavail_basic,15
26,united_states,31,Mikaela Adams,False,aavail_premium,23
27,united_states,28,Jimmy Lee,False,aavail_basic,18
28,united_states,26,Devin Hubbard,False,aavail_basic,14
29,singapore,28,Kameron Miles,False,aavail_basic,18
30,united_states,46,Francisco Jennings,False,aavail_unlimited,21
31,united_states,26,Dalary Rubio,False,aavail_unlimited,20
32,singapore,32,Philip Cunningham,False,aavail_premium,26
32,singapore,32,Philip Cunningham,True,aavail_premium,26
33,united_states,35,Landyn Park,False,aavail_unlimited,19
34,singapore,44,Collins Ayers,False,aavail_unlimited,9
34,singapore,44,Collins Ayers,True,aavail_unlimited,9
35,singapore,49,Cecilia Madden,False,aavail_premium,14
35,singapore,49,Cecilia Madden,True,aavail_premium,14
36,singapore,40,Bella Valdez,False,aavail_premium,26
36,singapore,40,Bella Valdez,True,aavail_premium,26
37,united_states,45,Ishaan Cardenas,False,aavail_premium,23
38,united_states,49,Maddox Grimes,False,aavail_basic,21
39,singapore,30,Salma Santana,False,aavail_basic,20
39,singapore,30,Salma Santana,True,aavail_basic,20
40,singapore,29,Jaime Blackwell,False,aavail_basic,6
41,united_states,28,Cannon Davila,False,aavail_unlimited,19
42,singapore,-42,Oliver Hinton,False,aavail_unlimited,21
42,singapore,-42,Oliver Hinton,True,aavail_unlimited,21
43,united_states,39,Santiago Francis,False,aavail_premium,21
44,united_states,33,Remi Mayer,False,aavail_unlimited,23
45,singapore,32,Kingsley Gutierrez,False,aavail_premium,7
46,singapore,29,Megan Shepard,False,aavail_basic,13
47,united_states,50,Robert Nava,False,aavail_basic,5
48,united_states,30,Elijah Austin,False,aavail_unlimited,19
49,united_states,31,Cash Reyes,False,aavail_premium,17
50,singapore,26,Ford Nash,False,aavail_unlimited,10
51,united_states,32,Isabella Simpson,False,aavail_basic,10
52,united_states,-49,Lindsey Curry,False,aavail_premium,22
53,united_states,34,Chelsea Klein,False,aavail_premium,22
53,united_states,34,Chelsea Klein,True,aavail_premium,22
54,united_states,36,Kinslee Bender,False,aavail_unlimited,16
55,united_states,32,Harvey Hester,False,aavail_basic,18
56,united_states,24,Laila Sanford,False,aavail_unlimited,20
57,united_states,23,Fox Houston,False,aavail_basic,21
58,united_states,49,Dorian Ellis,False,aavail_unlimited,18
58,united_states,49,Dorian Ellis,True,aavail_unlimited,18
59,united_states,31,Rafael Barnes,False,aavail_unlimited,6
60,united_states,26,Aryan Norton,False,aavail_basic,21
61,united_states,30,Mohammad Alvarado,False,aavail_unlimited,19
61,united_states,30,Mohammad Alvarado,True,aavail_unlimited,19
62,united_states,-48,Raphael Mccann,False,aavail_premium,16
63,united_states,34,Izabella Lawrence,False,aavail_premium,19
63,united_states,34,Izabella Lawrence,True,aavail_premium,19
64,united_states,-49,Bowen Sierra,False,aavail_basic,20
65,united_states,27,Abram Collier,False,aavail_unlimited,8
66,united_states,28,Howard Villa,False,aavail_premium,20
67,united_states,30,Harlan Webb,False,aavail_basic,21
68,united_states,25,Samara Sims,False,aavail_unlimited,23
68,united_states,25,Samara Sims,True,aavail_unlimited,23
69,singapore,27,Dominick Reilly,False,aavail_unlimited,19
69,singapore,27,Dominick Reilly,True,aavail_unlimited,19
70,united_states,29,Amira Chen,False,aavail_premium,23
70,united_states,29,Amira Chen,True,aavail_premium,23
71,united_states,28,River Mcpherson,False,aavail_premium,24
72,united_states,46,Maison Estrada,False,aavail_premium,20
73,united_states,31,Mordechai Grant,False,aavail_basic,10
74,united_states,49,Elianna Peterson,False,aavail_unlimited,23
75,united_states,36,Genesis Weaver,False,aavail_basic,6
76,united_states,29,Mabel Miranda,False,aavail_basic,22
77,united_states,26,Kamilah Dean,False,aavail_premium,20
77,united_states,26,Kamilah Dean,True,aavail_premium,20
78,united_states,33,Alfredo Mosley,False,aavail_premium,14
79,united_states,24,Magnus Barrett,False,aavail_premium,18
79,united_states,24,Magnus Barrett,True,aavail_premium,18
80,singapore,25,Jedidiah Walter,False,aavail_unlimited,10
80,singapore,25,Jedidiah Walter,True,aavail_unlimited,10
81,singapore,27,Ophelia Avila,False,aavail_basic,18
81,singapore,27,Ophelia Avila,True,aavail_basic,18
82,united_states,28,Lexi Bradley,False,aavail_premium,22
83,united_states,48,Jairo Walters,False,aavail_unlimited,23
84,united_states,37,Javier Lowe,False,aavail_basic,22
85,united_states,27,Gibson Fernandez,False,aavail_basic,21
86,united_states,29,Lane Richard,False,aavail_basic,23
86,united_states,29,Lane Richard,True,aavail_basic,23
87,singapore,30,Briar Alvarez,False,aavail_premium,14
87,singapore,30,Briar Alvarez,True,aavail_premium,14
88,united_states,32,Camille Mora,False,aavail_basic,18
89,united_states,29,Melanie Ashley,False,aavail_premium,20
90,united_states,27,Carter Sharp,False,aavail_basic,20
91,singapore,31,Baker Terrell,False,aavail_basic,19
91,singapore,31,Baker Terrell,True,aavail_basic,19
92,united_states,27,Callie Hammond,False,aavail_basic,21
93,united_states,24,Amber Marsh,False,aavail_premium,20
93,united_states,24,Amber Marsh,True,aavail_premium,20
94,united_states,48,Tristan Travis,False,aavail_basic,10
95,singapore,45,Chloe Melton,False,aavail_basic,21
96,united_states,33,Dylan Lewis,False,aavail_unlimited,18
97,singapore,43,Ellis Mcconnell,False,aavail_premium,13
98,singapore,-38,Nikolai Lara,False,aavail_basic,18
98,singapore,-38,Nikolai Lara,True,aavail_basic,18
99,united_states,32,Orion Bell,False,aavail_premium,22
100,singapore,27,Rylan Roberson,False,aavail_premium,17
100,singapore,27,Rylan Roberson,True,aavail_premium,17
101,united_states,28,Brysen Reid,False,aavail_basic,24
102,united_states,-45,Myra Blanchard,False,aavail_unlimited,23
103,united_states,39,Jordy Spence,False,aavail_premium,16
104,united_states,26,Alijah Copeland,False,aavail_basic,17
105,united_states,30,Keilani Woods,False,aavail_premium,5
106,united_states,34,Salvatore Robles,False,aavail_unlimited,23
107,united_states,31,Saul Rosas,False,aavail_premium,22
108,singapore,32,Scarlet Xiong,False,aavail_unlimited,10
109,united_states,48,Malik Fletcher,False,aavail_premium,15
109,united_states,48,Malik Fletcher,True,aavail_premium,15
110,united_states,31,Parker Goodwin,False,aavail_basic,21
111,united_states,-44,Justice Lynch,False,aavail_premium,22
112,united_states,38,Kian Vega,False,aavail_unlimited,19
113,singapore,47,Elsie Mcgee,False,aavail_premium,25
113,singapore,47,Elsie Mcgee,True,aavail_premium,25
114,united_states,29,Christina Randolph,False,aavail_unlimited,25
115,united_states,32,Myla Stevens,False,aavail_premium,18
116,singapore,31,Lara Flynn,False,aavail_premium,18
116,singapore,31,Lara Flynn,True,aavail_premium,18
117,singapore,33,Anastasia Khan,False,aavail_basic,16
117,singapore,33,Anastasia Khan,True,aavail_basic,16
118,united_states,28,Nikolas Adkins,False,aavail_unlimited,24
118,united_states,28,Nikolas Adkins,True,aavail_unlimited,24
119,united_states,23,Andrea Patrick,False,aavail_basic,18
120,singapore,32,Tate Blake,False,aavail_basic,12
120,singapore,32,Tate Blake,True,aavail_basic,12
121,singapore,30,Sky Sherman,False,aavail_unlimited,15
121,singapore,30,Sky Sherman,True,aavail_unlimited,15
122,united_states,27,Cara Palmer,False,aavail_premium,20
123,united_states,28,Sutton Hanson,False,aavail_unlimited,21
124,singapore,48,Jaxxon Contreras,False,aavail_premium,13
125,united_states,39,Graysen Decker,False,aavail_basic,16
125,united_states,39,Graysen Decker,True,aavail_basic,16
126,united_states,36,Callum Espinosa,False,aavail_premium,17
127,singapore,27,Lyla Orozco,False,aavail_basic,15
128,united_states,26,Lyra Atkins,False,aavail_basic,22
129,singapore,29,William Pace,False,aavail_unlimited,29
129,singapore,29,William Pace,True,aavail_unlimited,29
130,united_states,33,Raymond Maxwell,False,aavail_unlimited,16
131,united_states,49,Everett Long,False,aavail_premium,20
132,united_states,36,Hassan Bowman,False,aavail_premium,20
133,united_states,31,Leonel Salgado,False,aavail_basic,21
133,united_states,31,Leonel Salgado,True,aavail_basic,21
134,singapore,25,Grey Carson,False,aavail_unlimited,11
135,united_states,34,Hope Hart,False,aavail_premium,20
136,united_states,28,Randy Trevino,False,aavail_unlimited,19
137,singapore,26,Lee Luna,False,aavail_premium,16
137,singapore,26,Lee Luna,True,aavail_premium,16
138,united_states,26,Ariadne Villanueva,False,aavail_basic,22
139,united_states,32,Cairo Washington,False,aavail_premium,17
140,singapore,30,Mira Frazier,False,aavail_basic,19
141,singapore,30,Rosa Franklin,False,aavail_premium,15
141,singapore,30,Rosa Franklin,True,aavail_premium,15
142,united_states,33,Ismael Carrillo,False,aavail_unlimited,20
143,united_states,-46,Jaxx Noble,False,aavail_basic,20
143,united_states,-46,Jaxx Noble,True,aavail_basic,20
144,united_states,27,London Miller,False,aavail_unlimited,24
145,united_states,33,Oakley Bailey,False,aavail_premium,19
146,united_states,27,Kyng Jefferson,False,aavail_basic,17
147,united_states,35,Eliana Romero,False,aavail_premium,20
148,united_states,31,Caiden Conner,False,aavail_basic,26
148,united_states,31,Caiden Conner,True,aavail_basic,26
149,united_states,26,Cristian Graham,False,aavail_unlimited,17
150,singapore,-44,Wade Johnson,False,aavail_unlimited,19
150,singapore,-44,Wade Johnson,True,aavail_unlimited,19
151,singapore,23,Aubrie Patel,False,aavail_basic,13
152,united_states,31,Kamdyn Vargas,False,aavail_basic,22
153,united_states,28,Roberto Everett,False,aavail_basic,19
154,united_states,46,Eduardo Gould,False,aavail_basic,7
155,singapore,29,Kailyn Mullen,False,aavail_basic,18
156,united_states,31,Dillon Hodge,False,aavail_basic,22
157,united_states,32,Arianna Mullins,False,aavail_basic,23
157,united_states,32,Arianna Mullins,True,aavail_basic,23
158,united_states,33,Vanessa Blackburn,False,aavail_premium,25
159,united_states,25,August Skinner,False,aavail_premium,23
159,united_states,25,August Skinner,True,aavail_premium,23
160,singapore,33,Willa Lim,False,aavail_premium,7
160,singapore,33,Willa Lim,True,aavail_premium,7
161,united_states,27,Rogelio Richardson,False,aavail_basic,21
162,united_states,22,Delilah Oneal,False,aavail_basic,17
163,united_states,25,Savannah Peck,False,aavail_basic,17
164,united_states,30,Alejandro Reynolds,False,aavail_premium,20
165,united_states,-38,Maxwell Solomon,False,aavail_premium,17
166,united_states,26,Karina Glass,False,aavail_basic,17
167,united_states,28,Tommy Berg,False,aavail_premium,19
168,united_states,30,Adrien Morrison,False,aavail_basic,19
168,united_states,30,Adrien Morrison,True,aavail_basic,19
169,united_states,28,Julian Cortez,False,aavail_premium,17
170,singapore,35,Levi Ellison,False,aavail_basic,18
171,singapore,28,Abby Mcdowell,False,aavail_unlimited,10
172,united_states,25,Axel Clayton,False,aavail_premium,16
173,united_states,29,Miller Leonard,False,aavail_premium,5
174,singapore,23,Gus Merritt,False,aavail_premium,15
174,singapore,23,Gus Merritt,True,aavail_premium,15
175,singapore,26,Brooke Paul,False,aavail_basic,9
176,united_states,25,Sebastian Calhoun,False,aavail_basic,21
177,united_states,28,Clementine Nelson,False,aavail_unlimited,22
178,united_states,49,Kye Blevins,False,aavail_basic,20
179,united_states,28,Katherine Chandler,False,aavail_basic,18
179,united_states,28,Katherine Chandler,True,aavail_basic,18
180,united_states,39,Dane Kennedy,False,aavail_premium,20
181,singapore,47,Donovan Kent,False,aavail_premium,18
181,singapore,47,Donovan Kent,True,aavail_premium,18
182,united_states,44,Garrett Beasley,False,aavail_unlimited,18
183,united_states,32,Aileen Mcintosh,False,aavail_basic,17
183,united_states,32,Aileen Mcintosh,True,aavail_basic,17
184,united_states,34,Legacy Anthony,False,aavail_premium,6
185,singapore,49,Walker Jacobson,False,aavail_basic,20
186,united_states,26,Valery Schultz,False,aavail_premium,22
187,united_states,35,Vivian Gallagher,False,aavail_unlimited,18
188,united_states,46,Archer Gilmore,False,aavail_premium,25
189,united_states,41,Jaxton Woodward,False,aavail_premium,22
190,singapore,27,Jett Floyd,False,aavail_premium,15
190,singapore,27,Jett Floyd,True,aavail_premium,15
191,united_states,29,Leland Stein,False,aavail_unlimited,15
192,united_states,31,Khloe Wade,False,aavail_unlimited,25
193,singapore,41,Charlotte Patton,False,aavail_premium,17
194,united_states,-41,Sabrina Morales,False,aavail_unlimited,20
195,singapore,36,Wells Arias,False,aavail_unlimited,18
195,singapore,36,Wells Arias,True,aavail_unlimited,18
196,united_states,27,Prince Hurley,False,aavail_premium,20
197,singapore,50,Marie Cain,False,aavail_basic,18
197,singapore,50,Marie Cain,True,aavail_basic,18
198,united_states,24,Ariah Davenport,False,aavail_premium,19
198,united_states,24,Ariah Davenport,True,aavail_premium,19
199,united_states,33,Jewel Delacruz,False,aavail_basic,14
200,united_states,37,Ezra Herman,False,aavail_unlimited,19
201,united_states,25,Tinley Bush,False,aavail_premium,19
202,singapore,28,Malcolm Reed,False,aavail_basic,8
203,united_states,26,Byron Gilbert,False,aavail_basic,21
204,united_states,28,Simone Wheeler,False,aavail_basic,8
205,united_states,50,Alia Bruce,False,aavail_premium,19
206,singapore,26,Lian Conrad,False,aavail_premium,13
206,singapore,26,Lian Conrad,True,aavail_premium,13
207,united_states,46,Augustine Gillespie,False,aavail_premium,18
208,united_states,30,Peyton Beck,False,aavail_basic,18
209,united_states,29,Omar Valencia,False,aavail_unlimited,16
210,united_states,27,Micah Freeman,False,aavail_basic,20
211,united_states,31,Gunner Marin,False,aavail_basic,25
212,singapore,30,Annabel Yu,False,aavail_unlimited,12
213,united_states,23,Elisa Holloway,False,aavail_basic,19
214,singapore,32,Quinton Dixon,False,aavail_basic,12
215,united_states,30,Henley Bond,False,aavail_basic,25
216,singapore,47,Braden Rowe,False,aavail_unlimited,15
216,singapore,47,Braden Rowe,True,aavail_unlimited,15
217,singapore,33,Graham Knox,False,aavail_unlimited,17
217,singapore,33,Graham Knox,True,aavail_unlimited,17
218,united_states,-48,Malia Quintero,False,aavail_unlimited,23
219,united_states,29,Celine Hines,False,aavail_basic,22
220,singapore,27,Wren Whitehead,False,aavail_unlimited,18
220,singapore,27,Wren Whitehead,True,aavail_unlimited,18
221,united_states,28,Avalynn Higgins,False,aavail_premium,21
222,united_states,31,Colin Erickson,False,aavail_basic,24
222,united_states,31,Colin Erickson,True,aavail_basic,24
223,united_states,27,Jamari Gomez,False,aavail_unlimited,25
224,united_states,-46,Misael Riley,False,aavail_basic,13
225,united_states,42,Merrick Soto,False,aavail_basic,17
226,singapore,28,Ryland Vincent,False,aavail_unlimited,13
227,singapore,28,Maia Buchanan,False,aavail_unlimited,8
227,singapore,28,Maia Buchanan,True,aavail_unlimited,8
228,united_states,47,Noe Whitney,False,aavail_premium,16
229,united_states,26,Dakota Mclean,False,aavail_premium,21
230,united_states,44,Della Michael,False,aavail_premium,18
231,united_states,-49,Kaylin Tucker,False,aavail_unlimited,21
231,united_states,-49,Kaylin Tucker,True,aavail_unlimited,21
232,singapore,46,Xander Bryan,False,aavail_unlimited,14
233,singapore,27,Desmond Fox,False,aavail_unlimited,20
233,singapore,27,Desmond Fox,True,aavail_unlimited,20
234,united_states,30,Greyson Mcclain,False,aavail_basic,17
235,united_states,33,Dash Lam,False,aavail_basic,16
236,united_states,30,Brooklynn Watts,False,aavail_basic,16
237,singapore,47,Alexander Charles,False,aavail_basic,22
238,united_states,29,Jeremy Donaldson,False,aavail_premium,22
239,united_states,27,Emory Saunders,False,aavail_basic,18
240,united_states,45,Maurice Jarvis,False,aavail_premium,16
241,united_states,46,Mariam Stephenson,False,aavail_unlimited,25
241,united_states,46,Mariam Stephenson,True,aavail_unlimited,25
242,united_states,-43,Isabel Rodriguez,False,aavail_premium,21
242,united_states,-43,Isabel Rodriguez,True,aavail_premium,21
243,singapore,-39,Zainab Hood,False,aavail_premium,9
243,singapore,-39,Zainab Hood,True,aavail_premium,9
244,united_states,32,Camden Fitzpatrick,False,aavail_basic,13
245,united_states,30,Joe Young,False,aavail_basic,16
246,united_states,49,Ariyah Castaneda,False,aavail_basic,20
247,singapore,27,Harold Dodson,False,aavail_basic,14
248,singapore,32,Saoirse Kirk,False,aavail_unlimited,10
248,singapore,32,Saoirse Kirk,True,aavail_unlimited,10
249,united_states,30,Kaliyah Haynes,False,aavail_basic,16
250,united_states,27,Giselle Mahoney,False,aavail_premium,22
250,united_states,27,Giselle Mahoney,True,aavail_premium,22
251,singapore,46,Landry Obrien,False,aavail_premium,9
251,singapore,46,Landry Obrien,True,aavail_premium,9
252,singapore,29,Vivaan Chan,False,aavail_basic,9
252,singapore,29,Vivaan Chan,True,aavail_basic,9
253,united_states,28,Treasure Hawkins,False,aavail_basic,15
254,united_states,37,Valentin Lin,False,aavail_basic,19
255,united_states,30,Andre Randall,False,aavail_basic,19
256,singapore,30,Hayes Armstrong,False,aavail_premium,18
256,singapore,30,Hayes Armstrong,True,aavail_premium,18
257,united_states,30,Hadley Booth,False,aavail_premium,16
258,united_states,37,Kalani Thomas,False,aavail_unlimited,21
259,singapore,33,Mateo Dalton,False,aavail_premium,6
259,singapore,33,Mateo Dalton,True,aavail_premium,6
260,singapore,29,Dominik Maddox,False,aavail_basic,13
260,singapore,29,Dominik Maddox,True,aavail_basic,13
261,united_states,27,Luna Parsons,False,aavail_unlimited,21
262,united_states,32,Liana Schmidt,False,aavail_unlimited,23
263,singapore,28,Mason Swanson,False,aavail_unlimited,14
263,singapore,28,Mason Swanson,True,aavail_unlimited,14
264,united_states,42,Luis Cano,False,aavail_premium,25
265,united_states,26,Linda Lloyd,False,aavail_unlimited,21
265,united_states,26,Linda Lloyd,True,aavail_unlimited,21
266,united_states,46,Jamie Stephens,False,aavail_basic,14
267,singapore,25,Delaney Sexton,False,aavail_premium,9
267,singapore,25,Delaney Sexton,True,aavail_premium,9
268,united_states,34,Keily Hobbs,False,aavail_basic,21
269,united_states,29,Hudson Ortega,False,aavail_premium,21
270,united_states,43,Taylor Nguyen,False,aavail_premium,24
271,united_states,26,Chanel Salazar,False,aavail_basic,19
272,united_states,28,Michelle Gallegos,False,aavail_unlimited,22
273,united_states,31,Bonnie Duncan,False,aavail_unlimited,8
274,united_states,28,Laurel James,False,aavail_unlimited,23
275,united_states,24,Dariel Esquivel,False,aavail_premium,15
276,united_states,30,Tony Munoz,False,aavail_premium,18
277,united_states,33,Kallie Valentine,False,aavail_basic,18
278,united_states,32,Avah Leblanc,False,aavail_basic,17
279,united_states,27,Remington Figueroa,False,aavail_premium,22
279,united_states,27,Remington Figueroa,True,aavail_premium,22
280,united_states,43,Zaniyah Maldonado,False,aavail_unlimited,14
281,united_states,-44,Arlette Garner,False,aavail_unlimited,19
282,united_states,47,Mohamed Fields,False,aavail_premium,18
283,united_states,33,Kash Dominguez,False,aavail_unlimited,21
283,united_states,33,Kash Dominguez,True,aavail_unlimited,21
284,singapore,30,Jace Rasmussen,False,aavail_unlimited,22
284,singapore,30,Jace Rasmussen,True,aavail_unlimited,22
285,united_states,33,Derrick Curtis,False,aavail_premium,20
286,united_states,31,Tucker Juarez,False,aavail_premium,19
287,united_states,24,Jayceon Horton,False,aavail_basic,22
288,united_states,33,Jon Rowland,False,aavail_unlimited,23
289,united_states,29,Jesse Brown,False,aavail_premium,21
290,united_states,30,Curtis Little,False,aavail_basic,23
291,united_states,48,Jaiden White,False,aavail_premium,12
292,united_states,24,Aden Duffy,False,aavail_unlimited,5
292,united_states,24,Aden Duffy,True,aavail_unlimited,5
293,united_states,30,Eve Nichols,False,aavail_basic,17
294,united_states,32,Justin Stafford,False,aavail_basic,22
295,united_states,35,Bishop Weber,False,aavail_unlimited,19
296,united_states,33,Jeffrey Phan,False,aavail_unlimited,20
297,united_states,42,Caroline Brock,False,aavail_basic,6
298,singapore,-47,Ariel Espinoza,False,aavail_unlimited,27
298,singapore,-47,Ariel Espinoza,True,aavail_unlimited,27
299,united_states,31,Jolie Guerra,False,aavail_premium,20
300,united_states,46,Israel Perry,False,aavail_premium,22
301,singapore,44,Jamie Fisher,False,aavail_basic,18
301,singapore,44,Jamie Fisher,True,aavail_basic,18
302,singapore,38,Joziah Spears,False,aavail_basic,16
302,singapore,38,Joziah Spears,True,aavail_basic,16
303,united_states,47,Bowie Stevenson,False,aavail_unlimited,21
304,singapore,24,Leila Quintana,False,aavail_unlimited,12
304,singapore,24,Leila Quintana,True,aavail_unlimited,12
305,singapore,29,Maleah Keller,False,aavail_basic,20
305,singapore,29,Maleah Keller,True,aavail_basic,20
306,united_states,27,Alma Robbins,False,aavail_premium,23
307,united_states,30,Kalel Daniel,False,aavail_premium,17
308,united_states,44,Otto Underwood,False,aavail_basic,22
309,united_states,25,Taliyah Garrett,False,aavail_basic,13
310,united_states,-43,Luca Tran,False,aavail_premium,13
311,singapore,-42,Marcel Medina,False,aavail_basic,10
312,singapore,40,Nova Flores,False,aavail_basic,9
312,singapore,40,Nova Flores,True,aavail_basic,9
313,united_states,40,John Crosby,False,aavail_basic,20
313,united_states,40,John Crosby,True,aavail_basic,20
314,singapore,28,Reign Montes,True,aavail_unlimited,1
315,united_states,27,Rosie Kramer,False,aavail_basic,23
316,singapore,27,Kamryn Maynard,False,aavail_premium,22
316,singapore,27,Kamryn Maynard,True,aavail_premium,22
317,united_states,27,Alaric Levy,False,aavail_premium,15
318,singapore,29,Ruben Camacho,False,aavail_premium,8
319,united_states,30,Landon Ramos,False,aavail_unlimited,19
319,united_states,30,Landon Ramos,True,aavail_unlimited,19
320,united_states,45,Jonah Moran,False,aavail_basic,22
320,united_states,45,Jonah Moran,True,aavail_basic,22
321,united_states,22,Alex Massey,False,aavail_basic,21
322,singapore,22,Amy Schneider,False,aavail_unlimited,11
323,united_states,28,Rory York,False,aavail_premium,9
324,united_states,28,Benjamin Lawson,False,aavail_premium,4
325,united_states,30,Nora Dunn,False,aavail_premium,12
326,united_states,41,Arielle Gross,False,aavail_premium,12
327,united_states,27,Finn Delgado,False,aavail_basic,21
328,united_states,48,Jillian Rios,False,aavail_unlimited,9
328,united_states,48,Jillian Rios,True,aavail_unlimited,9
329,united_states,29,Vincenzo Mckinney,False,aavail_premium,19
330,united_states,45,Dax Ryan,False,aavail_unlimited,20
331,united_states,29,Keanu Sullivan,False,aavail_basic,21
332,united_states,27,Emilee Green,False,aavail_premium,20
333,united_states,32,Caden Vazquez,False,aavail_basic,23
334,united_states,49,Esteban Navarro,False,aavail_unlimited,21
335,united_states,30,Titus Harvey,False,aavail_basic,17
335,united_states,30,Titus Harvey,True,aavail_basic,17
336,singapore,31,Rhys Schwartz,False,aavail_basic,18
336,singapore,31,Rhys Schwartz,True,aavail_basic,18
337,singapore,-47,Helen Moss,False,aavail_basic,14
338,united_states,41,Talia Edwards,False,aavail_premium,12
339,singapore,29,Dawson Orr,False,aavail_basic,18
340,singapore,-48,Yosef Bentley,False,aavail_unlimited,10
340,singapore,-48,Yosef Bentley,True,aavail_unlimited,10
341,singapore,35,Cesar Barnett,False,aavail_basic,18
342,singapore,31,Atlas Trejo,False,aavail_basic,22
343,united_states,28,Roger Reese,False,aavail_premium,19
344,united_states,43,Frank Warren,False,aavail_unlimited,17
344,united_states,43,Frank Warren,True,aavail_unlimited,17
345,united_states,-40,Edwin Frederick,False,aavail_basic,21
345,united_states,-40,Edwin Frederick,True,aavail_basic,21
346,united_states,31,Ana Pacheco,False,aavail_basic,19
347,singapore,24,Noemi Bradford,False,aavail_premium,16
347,singapore,24,Noemi Bradford,True,aavail_premium,16
348,united_states,29,Duke Giles,False,aavail_unlimited,21
349,united_states,-43,Kaiser Santos,False,aavail_basic,22
350,united_states,46,Carly Norris,False,aavail_basic,18
351,united_states,30,Cedric Flowers,False,aavail_basic,21
352,united_states,40,Emilia Odonnell,False,aavail_unlimited,14
352,united_states,40,Emilia Odonnell,True,aavail_unlimited,14
353,united_states,40,Iliana Clements,False,aavail_basic,26
354,united_states,29,Albert Lowery,False,aavail_unlimited,22
355,united_states,28,Casen Mccarty,False,aavail_unlimited,22
356,united_states,26,Emmalyn Moses,False,aavail_premium,25
357,united_states,27,Miguel Lu,False,aavail_unlimited,19
358,singapore,29,Jude Mcbride,False,aavail_basic,11
358,singapore,29,Jude Mcbride,True,aavail_basic,11
359,united_states,26,Irene Durham,False,aavail_premium,20
360,united_states,-48,Markus Mcguire,False,aavail_basic,18
361,united_states,34,Fernando Serrano,False,aavail_unlimited,12
362,united_states,21,Rowan Moyer,False,aavail_unlimited,17
363,united_states,28,Isaiah Herrera,False,aavail_premium,22
364,united_states,29,Trace King,False,aavail_basic,21
365,united_states,31,Angel Hurst,False,aavail_unlimited,17
365,united_states,31,Angel Hurst,True,aavail_unlimited,17
366,singapore,26,Enrique Palacios,False,aavail_premium,13
366,singapore,26,Enrique Palacios,True,aavail_premium,13
367,singapore,32,Lennox Dudley,False,aavail_unlimited,10
367,singapore,32,Lennox Dudley,True,aavail_unlimited,10
368,united_states,25,Louisa Lester,False,aavail_unlimited,25
369,united_states,27,Bryson Mayo,False,aavail_basic,17
370,singapore,31,Charles Tanner,False,aavail_unlimited,15
371,singapore,46,Camilo Monroe,False,aavail_premium,14
372,united_states,32,Mohammed Farley,False,aavail_basic,23
372,united_states,32,Mohammed Farley,True,aavail_basic,23
373,united_states,25,Tristian Hail,False,aavail_basic,15
374,united_states,-47,Aliya Hardin,False,aavail_unlimited,9
375,united_states,37,Daniel Dickson,False,aavail_premium,22
375,united_states,37,Daniel Dickson,True,aavail_premium,22
376,united_states,26,Julius Leacock,False,aavail_basic,20
377,united_states,-40,Zariyah Velazquez,False,aavail_premium,19
378,united_states,25,Lorenzo Magana,False,aavail_premium,22
379,united_states,30,Mya Humphrey,False,aavail_premium,17
379,united_states,30,Mya Humphrey,True,aavail_premium,17
380,united_states,42,Arthur Dyer,False,aavail_basic,17
381,united_states,40,Arian Cobb,False,aavail_unlimited,18
382,united_states,48,Elizabeth Baxter,False,aavail_basic,13
383,united_states,28,Gabriella Stanton,False,aavail_basic,20
384,united_states,28,Dayana Petersen,False,aavail_premium,24
385,singapore,31,Vienna Hoover,False,aavail_unlimited,11
385,singapore,31,Vienna Hoover,True,aavail_unlimited,11
386,united_states,24,Egypt Carr,False,aavail_premium,20
387,united_states,24,Keith Burgess,False,aavail_basic,19
388,united_states,27,Jaxtyn Galindo,False,aavail_unlimited,18
389,united_states,-46,Jada Scott,False,aavail_premium,15
390,singapore,31,Kaiya Hutchinson,False,aavail_unlimited,13
391,singapore,27,Kaylee Acevedo,False,aavail_basic,11
392,united_states,34,Bryce Morrow,False,aavail_premium,20
393,united_states,33,Gatlin Mack,False,aavail_premium,3
394,singapore,30,Selena Shaffer,False,aavail_unlimited,10
394,singapore,30,Selena Shaffer,True,aavail_unlimited,10
395,singapore,30,Caleb Fleming,False,aavail_basic,21
395,singapore,30,Caleb Fleming,True,aavail_basic,21
396,united_states,30,Liliana Morse,False,aavail_premium,17
397,singapore,29,Eleanor Huffman,False,aavail_basic,15
398,singapore,41,Emanuel Oneill,False,aavail_unlimited,13
398,singapore,41,Emanuel Oneill,True,aavail_unlimited,13
399,united_states,46,Arabella Hampton,False,aavail_unlimited,18
400,united_states,28,Siena Watson,False,aavail_premium,21
401,singapore,28,Brodie Hill,False,aavail_premium,16
402,united_states,-45,Joanna Rivers,False,aavail_basic,22
403,united_states,37,Ben Sanders,False,aavail_unlimited,21
404,singapore,26,Ember Mcdaniel,False,aavail_premium,10
405,united_states,48,Eugene Koch,False,aavail_unlimited,25
406,singapore,21,Greta Greer,False,aavail_unlimited,22
407,united_states,44,Camdyn Pugh,False,aavail_premium,19
408,united_states,48,Gary Gibbs,False,aavail_unlimited,14
408,united_states,48,Gary Gibbs,True,aavail_unlimited,14
409,united_states,32,Lilian Larson,False,aavail_premium,25
409,united_states,32,Lilian Larson,True,aavail_premium,25
410,united_states,-49,Gunnar Powers,False,aavail_unlimited,12
411,united_states,29,Brecken Alfaro,False,aavail_premium,22
411,united_states,29,Brecken Alfaro,True,aavail_premium,22
412,singapore,47,Carolyn Fowler,False,aavail_premium,21
413,singapore,29,Nadia Coleman,False,aavail_basic,18
413,singapore,29,Nadia Coleman,True,aavail_basic,18
414,united_states,40,Ahmad Dougherty,False,aavail_unlimited,21
415,united_states,30,Alianna Schaefer,False,aavail_premium,23
416,united_states,27,Jacoby Cherry,False,aavail_unlimited,16
417,united_states,26,Jensen Meadows,False,aavail_basic,13
418,united_states,44,Remington Rojas,False,aavail_basic,18
419,united_states,-44,Rebekah Graves,False,aavail_basic,22
420,united_states,48,Jazmine Zhang,False,aavail_premium,17
421,united_states,-48,Sarah Mcmillan,False,aavail_basic,20
422,singapore,28,Leia Macias,False,aavail_premium,6
422,singapore,28,Leia Macias,True,aavail_premium,6
423,singapore,33,Erick Kane,False,aavail_basic,20
424,singapore,25,Jamal Wolfe,False,aavail_premium,15
424,singapore,25,Jamal Wolfe,True,aavail_premium,15
425,singapore,21,Myles Barr,False,aavail_basic,16
425,singapore,21,Myles Barr,True,aavail_basic,16
426,united_states,27,Dangelo Douglas,False,aavail_premium,20
427,singapore,32,Case Stout,False,aavail_basic,19
428,united_states,24,Melissa Cameron,False,aavail_basic,24
429,singapore,24,Nathan Ruiz,False,aavail_basic,22
429,singapore,24,Nathan Ruiz,True,aavail_basic,22
430,singapore,30,Cameron Becker,False,aavail_unlimited,6
430,singapore,30,Cameron Becker,True,aavail_unlimited,6
431,united_states,37,Houston Benton,False,aavail_unlimited,8
432,united_states,49,Kiana Craig,False,aavail_unlimited,14
433,singapore,-48,Alison Cline,False,aavail_basic,17
433,singapore,-48,Alison Cline,True,aavail_basic,17
434,united_states,45,Cullen Daniels,False,aavail_unlimited,19
435,united_states,25,Lawrence Buck,False,aavail_unlimited,20
436,united_states,25,Jaylene Barry,False,aavail_unlimited,25
436,united_states,25,Jaylene Barry,True,aavail_unlimited,25
437,singapore,42,Cassius Finley,False,aavail_basic,19
437,singapore,42,Cassius Finley,True,aavail_basic,19
438,singapore,29,Milena Melendez,False,aavail_unlimited,28
438,singapore,29,Milena Melendez,True,aavail_unlimited,28
439,united_states,33,Maggie Glenn,False,aavail_premium,19
440,singapore,27,Nolan Salas,False,aavail_premium,21
441,singapore,24,Ricardo Howell,False,aavail_unlimited,22
442,united_states,30,Judith Hunt,False,aavail_basic,19
443,united_states,30,Alvin Cooper,False,aavail_basic,18
444,united_states,34,Adrian Roth,False,aavail_premium,16
445,united_states,31,Adeline Mcfarland,False,aavail_basic,22
446,united_states,31,Iris Hernandez,False,aavail_basic,20
447,united_states,-48,Kimber Roberts,False,aavail_unlimited,20
448,singapore,28,Raina Ayala,False,aavail_basic,13
449,united_states,36,Moshe Mccormick,False,aavail_unlimited,22
450,united_states,-46,Kase Watkins,False,aavail_premium,15
451,singapore,28,Helena Garrison,False,aavail_basic,19
452,united_states,27,Ace Crane,False,aavail_unlimited,23
453,singapore,34,George Butler,False,aavail_unlimited,12
453,singapore,34,George Butler,True,aavail_unlimited,12
454,singapore,25,Mallory Wilcox,False,aavail_basic,7
455,united_states,23,Nehemiah Bravo,False,aavail_premium,14
456,united_states,42,Tadeo Davis,False,aavail_basic,12
456,united_states,42,Tadeo Davis,True,aavail_basic,12
457,united_states,29,Kellen Castillo,False,aavail_premium,18
458,united_states,29,Kevin Garcia,False,aavail_premium,11
459,singapore,27,Noah Vaughan,False,aavail_basic,10
460,united_states,31,Damien Berry,False,aavail_unlimited,19
461,singapore,25,Nixon Perkins,False,aavail_basic,8
462,united_states,28,Malaya Tang,False,aavail_premium,24
463,united_states,27,Raelyn Acosta,False,aavail_basic,17
464,united_states,26,Asa Pierce,False,aavail_unlimited,18
465,united_states,29,Amanda Cox,False,aavail_unlimited,8
466,united_states,32,Ridge Christian,False,aavail_premium,22
467,singapore,44,Kylo Kaur,False,aavail_basic,22
468,singapore,35,Kayla Bennett,False,aavail_unlimited,11
468,singapore,35,Kayla Bennett,True,aavail_unlimited,11
469,united_states,31,Atticus Morris,False,aavail_basic,18
470,united_states,21,Catalina Arroyo,False,aavail_premium,13
471,united_states,46,Kamari Waller,False,aavail_premium,19
472,singapore,29,Nancy Webster,False,aavail_basic,19
473,united_states,29,Ali Rivera,False,aavail_unlimited,20
473,united_states,29,Ali Rivera,True,aavail_unlimited,20
474,singapore,-43,Alondra Middleton,False,aavail_basic,11
475,singapore,50,Braylen Compton,False,aavail_unlimited,13
475,singapore,50,Braylen Compton,True,aavail_unlimited,13
476,united_states,32,Evelynn Stewart,False,aavail_premium,22
477,united_states,30,Emmitt Hoffman,False,aavail_unlimited,17
478,singapore,39,Bobby Anderson,False,aavail_basic,12
479,united_states,46,Ivanna Owen,False,aavail_unlimited,23
480,singapore,46,Maddux Liu,False,aavail_unlimited,18
481,singapore,33,Regina Quinn,False,aavail_unlimited,8
481,singapore,33,Regina Quinn,True,aavail_unlimited,8
482,united_states,30,Raquel Walls,False,aavail_premium,21
483,united_states,33,Kendall Gordon,False,aavail_premium,11
484,singapore,40,Sierra Whitaker,False,aavail_premium,4
484,singapore,40,Sierra Whitaker,True,aavail_premium,4
485,singapore,28,Angelo Santiago,False,aavail_basic,15
486,singapore,28,Averie Delarosa,False,aavail_premium,17
487,united_states,46,Bentley Terry,False,aavail_unlimited,16
488,singapore,30,Henrik Pearson,False,aavail_unlimited,15
488,singapore,30,Henrik Pearson,True,aavail_unlimited,15
489,singapore,45,Pearl Wood,False,aavail_unlimited,5
490,singapore,27,Kelsey Jones,False,aavail_premium,13
491,singapore,27,Terrell Burch,False,aavail_basic,19
491,singapore,27,Terrell Burch,True,aavail_basic,19
492,united_states,27,Alaina Hull,False,aavail_premium,21
493,singapore,44,Maverick Wang,False,aavail_premium,7
494,singapore,27,Quincy Nunez,False,aavail_premium,13
494,singapore,27,Quincy Nunez,True,aavail_premium,13
495,united_states,31,Oscar Black,False,aavail_premium,26
495,united_states,31,Oscar Black,True,aavail_premium,26
496,united_states,45,Achilles Lang,False,aavail_basic,21
497,united_states,23,Deacon Porter,False,aavail_unlimited,21
498,singapore,24,Romeo Campbell,False,aavail_basic,16
499,united_states,34,Eloise Hendricks,False,aavail_premium,27
500,united_states,27,Hayley Harrell,False,aavail_unlimited,19
501,united_states,29,Madelynn Conley,False,aavail_premium,19
502,united_states,25,Nelson Avalos,False,aavail_basic,20
503,singapore,29,Silas Bass,False,aavail_basic,11
503,singapore,29,Silas Bass,True,aavail_basic,11
504,singapore,26,Amora Phillips,False,aavail_basic,19
505,singapore,24,Alejandra Wilkins,False,aavail_basic,10
506,singapore,33,Genesis Yoder,False,aavail_basic,20
507,singapore,33,Skylar Rosario,False,aavail_basic,15
507,singapore,33,Skylar Rosario,True,aavail_basic,15
508,united_states,28,Ariana Waters,False,aavail_basic,17
509,united_states,32,Amaia Zavala,False,aavail_unlimited,23
509,united_states,32,Amaia Zavala,True,aavail_unlimited,23
510,united_states,35,Josephine Bartlett,False,aavail_basic,16
511,united_states,31,Maddison Cohen,False,aavail_premium,18
512,united_states,-44,Kade Norman,False,aavail_premium,20
513,united_states,30,Claire Brandt,False,aavail_basic,24
514,united_states,45,Hadassah Barker,False,aavail_basic,19
515,singapore,47,Andres Barrera,False,aavail_basic,16
516,united_states,30,Abdiel Wu,False,aavail_basic,20
517,singapore,30,Cyrus Case,False,aavail_premium,18
517,singapore,30,Cyrus Case,True,aavail_premium,18
518,singapore,28,Amia Gregory,False,aavail_basic,19
518,singapore,28,Amia Gregory,True,aavail_basic,19
519,united_states,47,Harlee Davidson,False,aavail_basic,17
520,united_states,28,Leandro Ibarra,False,aavail_basic,18
521,united_states,30,Fabian Fuentes,False,aavail_premium,16
522,united_states,28,Brayden Oconnell,False,aavail_unlimited,16
523,singapore,44,Zara Sanchez,False,aavail_basic,20
524,united_states,47,Malaysia Callahan,False,aavail_premium,4
525,united_states,28,Cameron Hale,False,aavail_unlimited,18
526,singapore,29,Thaddeus Spencer,False,aavail_basic,19
527,united_states,32,Jayce Logan,False,aavail_basic,17
528,singapore,26,Gabriel Hughes,False,aavail_premium,5
528,singapore,26,Gabriel Hughes,True,aavail_premium,5
529,united_states,47,Jericho Mata,False,aavail_unlimited,21
530,singapore,30,Virginia Peralta,False,aavail_unlimited,21
530,singapore,30,Virginia Peralta,True,aavail_unlimited,21
531,united_states,31,Oakley Mcdonald,False,aavail_premium,19
532,united_states,30,Jimena Wilkinson,False,aavail_premium,19
533,singapore,47,Ella Daugherty,False,aavail_basic,17
534,united_states,42,Jason Salinas,False,aavail_premium,21
535,united_states,27,Ryann Briggs,False,aavail_basic,20
536,united_states,46,Heidi Andrade,False,aavail_unlimited,17
537,united_states,23,Queen Farrell,False,aavail_unlimited,17
538,united_states,31,Hendrix Wyatt,False,aavail_basic,24
539,singapore,30,Emory Schmitt,False,aavail_unlimited,8
539,singapore,30,Emory Schmitt,True,aavail_unlimited,8
540,united_states,32,Ryan Ward,False,aavail_basic,22
541,united_states,27,Sarai Parrish,False,aavail_basic,15
542,united_states,-48,Whitley Ware,False,aavail_premium,17
543,singapore,31,Jameson Matthews,False,aavail_unlimited,14
543,singapore,31,Jameson Matthews,True,aavail_unlimited,14
544,united_states,32,Mariana Shields,False,aavail_premium,18
544,united_states,32,Mariana Shields,True,aavail_premium,18
545,united_states,29,Kara Jaramillo,False,aavail_basic,18
545,united_states,29,Kara Jaramillo,True,aavail_basic,18
546,united_states,30,Knox Payne,False,aavail_unlimited,22
547,united_states,46,Cayden Pitts,False,aavail_basic,20
548,united_states,30,Alyssa Costa,False,aavail_basic,20
549,singapore,27,Solomon Murillo,False,aavail_unlimited,16
549,singapore,27,Solomon Murillo,True,aavail_unlimited,16
550,united_states,47,Miah Sawyer,False,aavail_basic,21
550,united_states,47,Miah Sawyer,True,aavail_basic,21
551,united_states,31,Josue Casey,False,aavail_unlimited,9
551,united_states,31,Josue Casey,True,aavail_unlimited,9
552,singapore,34,Kadence Johnston,False,aavail_basic,17
552,singapore,34,Kadence Johnston,True,aavail_basic,17
553,united_states,29,Harrison Byrd,False,aavail_basic,20
554,united_states,25,Alec Kerr,False,aavail_premium,24
554,united_states,25,Alec Kerr,True,aavail_premium,24
555,united_states,48,Rose Potter,False,aavail_unlimited,19
556,united_states,50,Kaleb Newman,False,aavail_unlimited,20
557,united_states,27,Phoenix Medrano,False,aavail_premium,22
558,united_states,49,Terry Vu,False,aavail_basic,13
558,united_states,49,Terry Vu,True,aavail_basic,13
559,singapore,24,Luella Thornton,False,aavail_basic,16
560,united_states,33,Jaylee Mercado,False,aavail_unlimited,14
561,united_states,31,Sara Singleton,False,aavail_unlimited,22
561,united_states,31,Sara Singleton,True,aavail_unlimited,22
562,united_states,27,Kylan Savage,False,aavail_unlimited,22
563,united_states,25,Watson Moody,False,aavail_basic,21
563,united_states,25,Watson Moody,True,aavail_basic,21
564,united_states,27,Anson Diaz,False,aavail_unlimited,21
565,united_states,46,Bo Allen,False,aavail_unlimited,21
566,united_states,27,Cain Glover,False,aavail_basic,19
567,united_states,28,Koda Chang,False,aavail_basic,20
568,united_states,29,Zayn Aguilar,False,aavail_basic,22
569,united_states,33,Nathalie Horn,False,aavail_premium,13
569,united_states,33,Nathalie Horn,True,aavail_premium,13
570,united_states,26,Aron Sosa,False,aavail_basic,14
571,united_states,24,Santino Haley,False,aavail_premium,20
571,united_states,24,Santino Haley,True,aavail_premium,20
572,united_states,42,Genevieve Bullock,False,aavail_unlimited,23
572,united_states,42,Genevieve Bullock,True,aavail_unlimited,23
573,singapore,26,Chris Pennington,False,aavail_unlimited,17
574,singapore,28,Khaleesi Crawford,False,aavail_premium,15
574,singapore,28,Khaleesi Crawford,True,aavail_premium,15
575,united_states,27,Scarlette Hamilton,False,aavail_basic,22
576,united_states,28,Mae Willis,False,aavail_basic,19
577,singapore,28,James Prince,False,aavail_unlimited,16
577,singapore,28,James Prince,True,aavail_unlimited,16
578,united_states,40,Milani Mann,False,aavail_unlimited,17
578,united_states,40,Milani Mann,True,aavail_unlimited,17
579,united_states,32,Elias Dennis,False,aavail_premium,15
580,singapore,27,Avery Holmes,False,aavail_unlimited,12
580,singapore,27,Avery Holmes,True,aavail_unlimited,12
581,singapore,28,Guillermo Pratt,False,aavail_basic,20
582,united_states,31,Tatiana Abbott,False,aavail_unlimited,15
583,united_states,26,Mathias Mills,False,aavail_premium,21
584,united_states,-47,Liam Taylor,False,aavail_unlimited,4
585,united_states,30,Lea Weeks,False,aavail_premium,15
586,united_states,-49,Trey Cervantes,False,aavail_basic,14
587,united_states,30,Jeremias Castro,False,aavail_unlimited,21
588,united_states,-49,Matias Velasquez,False,aavail_basic,24
589,united_states,29,Milan Raymond,False,aavail_unlimited,22
590,united_states,26,Zachariah Zuniga,False,aavail_basic,22
591,united_states,33,Yahir Harding,False,aavail_basic,21
592,united_states,-48,Aubrey Meyers,False,aavail_premium,8
593,united_states,36,Kairo Golden,False,aavail_basic,18
594,united_states,29,Martin Baker,False,aavail_basic,23
595,singapore,26,Dream Esparza,False,aavail_premium,21
595,singapore,26,Dream Esparza,True,aavail_premium,21
596,united_states,46,Maximus Turner,False,aavail_unlimited,18
597,united_states,29,Hazel Alexander,False,aavail_premium,21
598,united_states,43,Leroy Carter,False,aavail_unlimited,25
599,united_states,32,Joaquin Keith,False,aavail_premium,19
600,singapore,27,Walter French,False,aavail_unlimited,11
601,singapore,29,Wilson Henson,False,aavail_basic,18
602,united_states,41,Juan Mckee,False,aavail_unlimited,10
603,singapore,30,Shiloh Carlson,False,aavail_unlimited,10
603,singapore,30,Shiloh Carlson,True,aavail_unlimited,10
604,united_states,40,Jefferson Roy,False,aavail_premium,25
605,united_states,33,Briar Vaughn,False,aavail_basic,14
606,united_states,31,King Gaines,False,aavail_basic,20
607,united_states,31,Kolton Harmon,False,aavail_premium,20
608,united_states,27,Amos Dorsey,False,aavail_basic,21
609,united_states,-46,Sam Bridges,False,aavail_unlimited,18
610,singapore,44,Ayla Henry,False,aavail_unlimited,7
610,singapore,44,Ayla Henry,True,aavail_unlimited,7
611,united_states,-47,Konnor Chambers,False,aavail_unlimited,19
612,united_states,46,Estella Ramirez,False,aavail_basic,23
613,united_states,30,June Williams,False,aavail_basic,22
614,united_states,27,Juelz Wong,False,aavail_premium,20
615,singapore,43,Nova Montgomery,False,aavail_basic,9
616,singapore,32,Amani Felix,False,aavail_unlimited,23
616,singapore,32,Amani Felix,True,aavail_unlimited,23
617,united_states,39,Moises Wagner,False,aavail_basic,21
618,singapore,43,Joshua Woodard,False,aavail_premium,22
618,singapore,43,Joshua Woodard,True,aavail_premium,22
619,united_states,32,Alice Montoya,False,aavail_premium,21
619,united_states,32,Alice Montoya,True,aavail_premium,21
620,united_states,-44,Evie Mason,False,aavail_basic,20
621,united_states,31,Isaac Buckley,False,aavail_basic,19
622,singapore,28,Hayden Shannon,False,aavail_basic,13
623,united_states,28,Callen Villegas,False,aavail_unlimited,9
624,united_states,34,Zakai Jimenez,False,aavail_unlimited,20
625,singapore,27,Karter Simon,False,aavail_unlimited,13
625,singapore,27,Karter Simon,True,aavail_unlimited,13
626,singapore,32,Charlie Elliott,False,aavail_basic,16
627,united_states,40,Francis Cuevas,False,aavail_unlimited,16
628,united_states,-40,Ruby Fischer,False,aavail_unlimited,25
629,united_states,29,Jesiah Chapman,False,aavail_unlimited,24
630,united_states,28,Davis Pena,False,aavail_unlimited,19
631,singapore,42,Yareli Person,False,aavail_basic,14
631,singapore,42,Yareli Person,True,aavail_basic,14
632,singapore,24,Holly Sloan,False,aavail_basic,8
632,singapore,24,Holly Sloan,True,aavail_basic,8
633,singapore,30,Killian Hahn,False,aavail_unlimited,18
633,singapore,30,Killian Hahn,True,aavail_unlimited,18
634,singapore,29,Reign Pineda,False,aavail_unlimited,16
635,united_states,34,Phillip Zamora,False,aavail_unlimited,25
636,singapore,26,Jadiel Lucero,False,aavail_unlimited,18
636,singapore,26,Jadiel Lucero,True,aavail_unlimited,18
637,united_states,-49,Holden Osborne,False,aavail_basic,10
638,united_states,35,Frederick Andersen,False,aavail_basic,22
638,united_states,35,Frederick Andersen,True,aavail_basic,22
639,united_states,30,Fisher Padilla,False,aavail_unlimited,23
640,singapore,29,Johan Beard,False,aavail_unlimited,14
640,singapore,29,Johan Beard,True,aavail_unlimited,14
641,singapore,27,Boone Larsen,False,aavail_unlimited,11
642,singapore,30,Payton Coffey,False,aavail_premium,24
643,singapore,46,Azariah Mathews,False,aavail_premium,11
643,singapore,46,Azariah Mathews,True,aavail_premium,11
644,united_states,45,Diego Mueller,False,aavail_unlimited,20
645,singapore,30,Brycen Hogan,False,aavail_unlimited,12
645,singapore,30,Brycen Hogan,True,aavail_unlimited,12
646,singapore,39,Jaycee Powell,False,aavail_basic,22
646,singapore,39,Jaycee Powell,True,aavail_basic,22
647,singapore,46,Karson Johns,False,aavail_unlimited,12
648,united_states,40,Addisyn George,False,aavail_premium,22
649,united_states,32,Aylin Wiley,False,aavail_unlimited,18
650,singapore,26,Patrick Robertson,False,aavail_basic,8
650,singapore,26,Patrick Robertson,True,aavail_basic,8
651,united_states,33,Terrence House,False,aavail_premium,19
652,singapore,29,Ivan Andrews,False,aavail_premium,19
652,singapore,29,Ivan Andrews,True,aavail_premium,19
653,united_states,31,Caspian Beltran,False,aavail_premium,18
654,united_states,28,Estrella Aguirre,False,aavail_premium,21
655,united_states,37,Alessandro Calderon,False,aavail_premium,19
656,united_states,48,Stanley Morton,False,aavail_premium,16
657,united_states,43,Alberto Combs,False,aavail_premium,20
657,united_states,43,Alberto Combs,True,aavail_premium,20
658,singapore,26,Shepherd Kelley,False,aavail_premium,17
659,singapore,29,Molly Rose,False,aavail_basic,20
660,singapore,30,Julien Mccullough,False,aavail_unlimited,10
660,singapore,30,Julien Mccullough,True,aavail_unlimited,10
661,united_states,25,Owen David,False,aavail_premium,17
662,united_states,31,Rayna Huff,False,aavail_basic,22
663,united_states,32,Adalyn Roman,False,aavail_premium,12
664,united_states,27,Mario Rodgers,False,aavail_basic,18
665,united_states,-43,Dustin Ford,False,aavail_unlimited,21
666,united_states,26,Larry Dunlap,False,aavail_unlimited,18
667,united_states,-47,Bradley Pittman,False,aavail_premium,19
668,united_states,28,Ezra Lozano,False,aavail_unlimited,21
669,singapore,29,Franco Kirby,False,aavail_premium,14
669,singapore,29,Franco Kirby,True,aavail_premium,14
670,united_states,28,Weston Sweeney,False,aavail_unlimited,16
671,united_states,29,Melvin Hensley,False,aavail_unlimited,16
672,united_states,29,Kyla Olson,False,aavail_basic,23
673,united_states,24,Rex Bates,False,aavail_premium,17
673,united_states,24,Rex Bates,True,aavail_premium,17
674,united_states,25,Sean Reeves,False,aavail_unlimited,18
675,united_states,21,Blake Mendoza,False,aavail_unlimited,24
676,singapore,32,Dana Frye,False,aavail_premium,14
676,singapore,32,Dana Frye,True,aavail_premium,14
677,united_states,-43,Quentin Knight,False,aavail_basic,23
678,singapore,29,Grady Day,False,aavail_premium,12
678,singapore,29,Grady Day,True,aavail_premium,12
679,united_states,43,Kamiyah Myers,False,aavail_premium,19
680,united_states,32,Edith Guzman,False,aavail_unlimited,17
681,united_states,48,Bailee Greene,False,aavail_basic,18
682,united_states,31,Cory Doyle,False,aavail_premium,20
683,singapore,26,Draven Summers,False,aavail_basic,14
684,united_states,28,Paisley Lamb,False,aavail_premium,22
685,singapore,45,Destiny Barajas,False,aavail_premium,8
685,singapore,45,Destiny Barajas,True,aavail_premium,8
686,united_states,30,Zaiden Meza,False,aavail_unlimited,21
687,united_states,27,Henry Richmond,False,aavail_unlimited,19
688,singapore,24,Reed Huerta,False,aavail_unlimited,20
688,singapore,24,Reed Huerta,True,aavail_unlimited,20
689,united_states,48,Brynleigh Wall,False,aavail_premium,5
690,singapore,48,Imran Lopez,False,aavail_premium,13
691,singapore,34,Ulises Cannon,False,aavail_basic,19
691,singapore,34,Ulises Cannon,True,aavail_basic,19
692,singapore,33,Lennon Hodges,False,aavail_premium,18
693,singapore,28,Jaziel Estes,False,aavail_unlimited,16
693,singapore,28,Jaziel Estes,True,aavail_unlimited,16
694,united_states,31,Darius Peters,False,aavail_premium,23
695,united_states,47,Tobias Winters,False,aavail_premium,20
696,singapore,28,Evangeline Robinson,False,aavail_premium,23
696,singapore,28,Evangeline Robinson,True,aavail_premium,23
697,singapore,26,Alexzander Novak,False,aavail_unlimited,8
697,singapore,26,Alexzander Novak,True,aavail_unlimited,8
698,singapore,33,Leonidas Ochoa,False,aavail_unlimited,10
698,singapore,33,Leonidas Ochoa,True,aavail_unlimited,10
699,united_states,47,Jamir Wilkerson,False,aavail_unlimited,20
700,united_states,24,Wesson Ramsey,False,aavail_premium,23
701,united_states,28,Vincent Stone,False,aavail_unlimited,17
702,united_states,29,Karter Wilson,False,aavail_basic,23
703,united_states,34,Shepard Hunter,False,aavail_premium,7
704,singapore,32,Jeffery Heath,False,aavail_unlimited,17
704,singapore,32,Jeffery Heath,True,aavail_unlimited,17
705,united_states,24,Aldo Hess,False,aavail_premium,20
705,united_states,24,Aldo Hess,True,aavail_premium,20
706,united_states,29,Colette Sellers,False,aavail_premium,22
707,singapore,31,Memphis Huang,False,aavail_basic,20
707,singapore,31,Memphis Huang,True,aavail_basic,20
708,united_states,49,Lucy Ingram,False,aavail_unlimited,21
709,united_states,50,Demetrius Martinez,False,aavail_basic,14
710,united_states,29,Mckenzie Kelly,False,aavail_premium,19
711,united_states,-45,Juniper Walton,False,aavail_basic,19
712,united_states,28,Mathew Ballard,False,aavail_premium,12
713,united_states,30,Porter Thompson,False,aavail_unlimited,18
714,singapore,24,Lincoln Meyer,False,aavail_premium,18
714,singapore,24,Lincoln Meyer,True,aavail_premium,18
715,united_states,27,Troy Corona,False,aavail_basic,19
716,united_states,30,Hadlee Walker,False,aavail_basic,21
716,united_states,30,Hadlee Walker,True,aavail_basic,21
717,united_states,31,Renata Fuller,False,aavail_premium,25
717,united_states,31,Renata Fuller,True,aavail_premium,25
718,united_states,29,Etta Joseph,False,aavail_premium,23
718,united_states,29,Etta Joseph,True,aavail_premium,23
719,singapore,28,Emmett Evans,False,aavail_basic,18
719,singapore,28,Emmett Evans,True,aavail_basic,18
720,singapore,29,Mylah Cummings,False,aavail_premium,20
721,singapore,31,Violet Duke,False,aavail_basic,21
721,singapore,31,Violet Duke,True,aavail_basic,21
722,united_states,29,Samir Mclaughlin,False,aavail_premium,20
723,singapore,49,Zander Cisneros,False,aavail_premium,12
723,singapore,49,Zander Cisneros,True,aavail_premium,12
724,singapore,46,Lylah Sandoval,False,aavail_unlimited,16
724,singapore,46,Lylah Sandoval,True,aavail_unlimited,16
725,united_states,25,Conner Stanley,False,aavail_basic,13
726,singapore,25,Leona Beil,False,aavail_basic,17
727,singapore,25,Bruce Carpenter,False,aavail_unlimited,17
727,singapore,25,Bruce Carpenter,True,aavail_unlimited,17
728,united_states,-47,Kennedi Galvan,False,aavail_premium,22
729,united_states,33,Briggs Clark,False,aavail_premium,20
730,united_states,30,Zev Cochran,False,aavail_basic,17
731,united_states,29,Lyric Boone,False,aavail_premium,17
732,united_states,28,Aiyana Carroll,False,aavail_basic,13
733,singapore,27,Kelly Goodman,False,aavail_basic,2
734,united_states,33,Augustus Walsh,False,aavail_unlimited,18
735,united_states,32,Dante Avery,False,aavail_premium,21
736,united_states,35,Ariel Ball,False,aavail_basic,25
736,united_states,35,Ariel Ball,True,aavail_basic,25
737,united_states,44,Armando Portillo,False,aavail_unlimited,22
738,singapore,41,Marley Bernal,False,aavail_premium,20
738,singapore,41,Marley Bernal,True,aavail_premium,20
739,united_states,27,Mark Knapp,False,aavail_unlimited,22
740,singapore,32,Layne Wolf,False,aavail_premium,17
740,singapore,32,Layne Wolf,True,aavail_premium,17
741,united_states,29,Enoch Brady,False,aavail_basic,15
742,united_states,47,Otis Hopkins,False,aavail_unlimited,19
743,united_states,28,Bristol Strong,False,aavail_basic,23
744,singapore,34,Mustafa Kemp,False,aavail_unlimited,4
744,singapore,34,Mustafa Kemp,True,aavail_unlimited,4
745,united_states,33,Arturo Barron,False,aavail_unlimited,21
746,singapore,29,Justice Dawson,False,aavail_unlimited,20
746,singapore,29,Justice Dawson,True,aavail_unlimited,20
747,united_states,30,Lochlan Guevara,False,aavail_unlimited,17
747,united_states,30,Lochlan Guevara,True,aavail_unlimited,17
748,united_states,30,Colson Mendez,False,aavail_premium,15
749,singapore,24,Nevaeh Warner,False,aavail_unlimited,18
749,singapore,24,Nevaeh Warner,True,aavail_unlimited,18
750,united_states,30,Heavenly Herring,False,aavail_unlimited,2
751,united_states,27,Angel Rogers,False,aavail_unlimited,17
751,united_states,27,Angel Rogers,True,aavail_unlimited,17
752,united_states,-46,Ruth Pope,False,aavail_unlimited,18
753,united_states,25,Aubree Nixon,False,aavail_unlimited,22
754,united_states,46,Roman Wallace,False,aavail_unlimited,17
755,united_states,27,Alfonso Chavez,False,aavail_premium,24
756,united_states,27,Amiya Shah,False,aavail_basic,21
756,united_states,27,Amiya Shah,True,aavail_basic,21
757,united_states,32,Lorelei Hall,False,aavail_premium,17
758,united_states,26,Anderson Yang,False,aavail_unlimited,16
759,united_states,49,Jane Mcmahon,False,aavail_basic,22
759,united_states,49,Jane Mcmahon,True,aavail_basic,22
760,united_states,27,Meghan Conway,False,aavail_unlimited,19
760,united_states,27,Meghan Conway,True,aavail_unlimited,19
761,singapore,30,Heath Valenzuela,False,aavail_unlimited,27
761,singapore,30,Heath Valenzuela,True,aavail_unlimited,27
762,singapore,25,Alvaro Steele,False,aavail_premium,15
762,singapore,25,Alvaro Steele,True,aavail_premium,15
763,united_states,27,Devon Branch,False,aavail_basic,19
764,united_states,24,Celeste Holt,False,aavail_basic,16
765,singapore,48,Amari Griffith,False,aavail_premium,11
765,singapore,48,Amari Griffith,True,aavail_premium,11
766,united_states,-45,Maximiliano Singh,False,aavail_premium,23
767,united_states,32,Elliot Mccarthy,False,aavail_basic,19
768,united_states,28,Mina Jensen,False,aavail_basic,16
769,united_states,29,Spencer Yates,False,aavail_basic,16
770,united_states,32,Alani Correa,False,aavail_basic,23
771,united_states,27,River Marks,False,aavail_unlimited,10
772,united_states,27,Aaliyah Duarte,False,aavail_premium,22
773,united_states,26,Kason Chung,False,aavail_unlimited,17
774,united_states,26,Damon Boyer,False,aavail_basic,9
775,singapore,26,Opal Jacobs,False,aavail_premium,10
776,singapore,28,Talon Hayes,False,aavail_basic,8
777,united_states,28,Lawson Vo,False,aavail_premium,22
778,singapore,30,Paige Bryant,False,aavail_unlimited,16
779,united_states,36,Kehlani Ferguson,False,aavail_premium,22
780,united_states,26,Ellianna Gates,False,aavail_unlimited,12
780,united_states,26,Ellianna Gates,True,aavail_unlimited,12
781,united_states,30,Kassidy Macdonald,False,aavail_premium,23
782,united_states,30,Jose Harrison,False,aavail_unlimited,22
783,united_states,48,Iker Berger,False,aavail_basic,15
784,united_states,28,Cristiano Smith,False,aavail_basic,24
785,united_states,26,Rhett Leal,False,aavail_premium,22
786,singapore,29,Blake Harris,False,aavail_basic,21
787,united_states,-46,Jake Banks,False,aavail_basic,16
788,united_states,46,Zaire Cook,False,aavail_premium,21
789,united_states,28,Christopher Hendrix,False,aavail_basic,22
790,united_states,41,Mercy Tapia,False,aavail_basic,14
791,singapore,43,Kenzo Pollard,False,aavail_unlimited,22
791,singapore,43,Kenzo Pollard,True,aavail_unlimited,22
792,singapore,44,Clyde Caldwell,False,aavail_basic,14
793,united_states,30,Kamden Barton,False,aavail_unlimited,23
794,united_states,34,Aria Vasquez,False,aavail_premium,22
795,singapore,29,Sullivan Mccall,False,aavail_premium,14
795,singapore,29,Sullivan Mccall,True,aavail_premium,14
796,united_states,43,Monroe Oliver,False,aavail_unlimited,21
797,united_states,27,Brianna Pham,False,aavail_premium,20
798,united_states,26,Axton Jackson,False,aavail_premium,15
799,united_states,26,Cecelia Odom,False,aavail_premium,20
800,united_states,46,Celia Brewer,False,aavail_unlimited,14
801,singapore,-44,Kora Snow,False,aavail_unlimited,17
801,singapore,-44,Kora Snow,True,aavail_unlimited,17
802,united_states,25,Emilio Cruz,False,aavail_basic,19
803,united_states,43,Sterling Lucas,False,aavail_premium,21
804,united_states,32,Autumn Rich,False,aavail_basic,22
805,united_states,44,Koa Villarreal,False,aavail_unlimited,18
806,singapore,22,Dylan Potts,False,aavail_premium,21
806,singapore,22,Dylan Potts,True,aavail_premium,21
807,united_states,30,Kinley Hancock,False,aavail_basic,18
808,singapore,50,Aspen Gardner,False,aavail_premium,13
809,united_states,26,Jamison Hansen,False,aavail_basic,13
809,united_states,26,Jamison Hansen,True,aavail_basic,13
810,united_states,46,Andy Le,False,aavail_unlimited,25
811,singapore,27,Paola Cole,False,aavail_basic,13
812,singapore,26,Frankie Molina,False,aavail_basic,23
812,singapore,26,Frankie Molina,True,aavail_basic,23
813,singapore,32,Wyatt Nielsen,False,aavail_basic,17
814,united_states,29,Daisy Olsen,False,aavail_unlimited,23
815,singapore,30,Kylee Dillon,False,aavail_basic,18
815,singapore,30,Kylee Dillon,True,aavail_basic,18
816,united_states,33,Onyx Vang,False,aavail_basic,20
817,united_states,29,Eli Duran,False,aavail_premium,20
817,united_states,29,Eli Duran,True,aavail_premium,20
818,united_states,25,Elliott Perez,False,aavail_premium,20
819,united_states,39,Rey Farmer,False,aavail_unlimited,19
819,united_states,39,Rey Farmer,True,aavail_unlimited,19
820,united_states,47,Elian Simmons,False,aavail_unlimited,22
821,singapore,28,Ashlynn Ahmed,False,aavail_basic,19
821,singapore,28,Ashlynn Ahmed,True,aavail_basic,19
822,singapore,45,Issac Marquez,False,aavail_unlimited,16
822,singapore,45,Issac Marquez,True,aavail_unlimited,16
823,united_states,27,Ignacio Brennan,False,aavail_premium,17
824,singapore,27,Nathaniel Strickland,False,aavail_premium,17
825,united_states,-47,Reece Gonzalez,False,aavail_basic,15
826,singapore,41,Kinsley Rollins,False,aavail_basic,20
827,united_states,29,Xzavier Campos,False,aavail_basic,23
828,singapore,-48,Will Gentry,False,aavail_basic,16
829,united_states,29,Elyse Nicholson,False,aavail_unlimited,21
829,united_states,29,Elyse Nicholson,True,aavail_unlimited,21
830,singapore,46,Ledger Hanna,False,aavail_basic,9
831,united_states,30,Seth Vance,False,aavail_unlimited,22
831,united_states,30,Seth Vance,True,aavail_unlimited,22
832,united_states,30,Calvin Neal,False,aavail_premium,14
833,united_states,29,Jax Jordan,False,aavail_unlimited,23
834,singapore,30,Shane Lambert,False,aavail_unlimited,18
835,singapore,27,Westin Bowers,False,aavail_premium,16
835,singapore,27,Westin Bowers,True,aavail_premium,16
836,singapore,40,Colton Mitchell,False,aavail_premium,10
837,singapore,33,Payton Silva,False,aavail_basic,18
838,united_states,27,Malakai Booker,False,aavail_basic,21
839,united_states,33,Dakari Cantrell,False,aavail_basic,6
840,singapore,25,Zoie Cortes,False,aavail_premium,20
840,singapore,25,Zoie Cortes,True,aavail_premium,20
841,united_states,28,Mitchell Arellano,False,aavail_premium,20
841,united_states,28,Mitchell Arellano,True,aavail_premium,20
842,singapore,28,Allison Villalobos,False,aavail_premium,3
842,singapore,28,Allison Villalobos,True,aavail_premium,3
843,united_states,30,Leighton Brooks,False,aavail_basic,8
844,united_states,32,Millie Mcclure,False,aavail_premium,19
845,united_states,24,Darian Ho,False,aavail_premium,21
846,united_states,39,Grayson Malone,False,aavail_unlimited,27
846,united_states,39,Grayson Malone,True,aavail_unlimited,27
847,united_states,-41,Maximilian Nolan,False,aavail_premium,22
848,singapore,25,Everly Horne,False,aavail_basic,19
849,united_states,25,Callan Truong,False,aavail_basic,17
850,united_states,33,Mack Cantu,False,aavail_premium,21
851,united_states,30,Theo Russo,False,aavail_basic,18
851,united_states,30,Theo Russo,True,aavail_basic,18
852,united_states,26,Brittany Hardy,False,aavail_basic,16
853,united_states,28,Ronan Bowen,False,aavail_basic,12
854,united_states,33,Anika Lane,False,aavail_unlimited,20
855,united_states,28,Kayson Oconnor,False,aavail_unlimited,20
855,united_states,28,Kayson Oconnor,True,aavail_unlimited,20
856,united_states,28,Evan Weiss,False,aavail_unlimited,20
857,united_states,46,Chad Jenkins,False,aavail_premium,20
858,singapore,-47,Giovanni Richards,False,aavail_unlimited,15
858,singapore,-47,Giovanni Richards,True,aavail_unlimited,15
859,singapore,27,Miles Friedman,False,aavail_unlimited,5
859,singapore,27,Miles Friedman,True,aavail_unlimited,5
860,united_states,26,Langston Ponce,False,aavail_basic,16
861,singapore,37,Jaylah Church,False,aavail_unlimited,17
861,singapore,37,Jaylah Church,True,aavail_unlimited,17
862,united_states,-37,Rene Howe,False,aavail_premium,23
863,united_states,33,Bryant English,False,aavail_premium,19
864,singapore,34,David Huynh,False,aavail_basic,18
864,singapore,34,David Huynh,True,aavail_basic,18
865,united_states,26,Raul May,False,aavail_basic,16
866,united_states,32,Coleman Reyna,False,aavail_premium,23
867,singapore,27,Marcelo Wells,False,aavail_unlimited,15
868,united_states,31,Decker Lindsey,False,aavail_basic,20
869,singapore,33,Joyce Short,False,aavail_basic,20
870,united_states,29,Bria Hartman,False,aavail_premium,21
870,united_states,29,Bria Hartman,True,aavail_premium,21
871,united_states,-48,Victor Bautista,False,aavail_premium,22
871,united_states,-48,Victor Bautista,True,aavail_premium,22
872,united_states,28,Avi Martin,False,aavail_basic,17
873,united_states,31,Amaris Rice,False,aavail_premium,23
874,united_states,26,Jermaine Mckay,False,aavail_premium,14
875,singapore,32,Jack Franco,False,aavail_unlimited,12
875,singapore,32,Jack Franco,True,aavail_unlimited,12
876,united_states,45,Johnny Clarke,False,aavail_premium,20
876,united_states,45,Johnny Clarke,True,aavail_premium,20
877,united_states,29,Lainey Baldwin,False,aavail_basic,21
878,united_states,27,Emmeline Moon,False,aavail_unlimited,22
879,singapore,45,Manuel Foley,False,aavail_basic,15
879,singapore,45,Manuel Foley,True,aavail_basic,15
880,united_states,27,Cruz Burke,False,aavail_premium,20
881,united_states,-49,Rowen Owens,False,aavail_premium,22
882,united_states,25,Serenity Ali,False,aavail_basic,24
883,united_states,27,Milo Wiggins,False,aavail_unlimited,22
884,singapore,28,Hamza Frost,False,aavail_unlimited,13
884,singapore,28,Hamza Frost,True,aavail_unlimited,13
885,united_states,26,Makayla Williamson,False,aavail_premium,23
886,united_states,-49,Wallace Faulkner,False,aavail_unlimited,6
886,united_states,-49,Wallace Faulkner,True,aavail_unlimited,6
887,united_states,48,Alaya Patterson,False,aavail_premium,21
888,singapore,29,Alexis Price,False,aavail_unlimited,10
888,singapore,29,Alexis Price,True,aavail_unlimited,10
889,singapore,30,Quinn Murphy,False,aavail_unlimited,15
889,singapore,30,Quinn Murphy,True,aavail_unlimited,15
890,united_states,47,Lennox Dickerson,False,aavail_premium,21
891,united_states,50,Jasmine Sampson,False,aavail_unlimited,9
892,singapore,27,Penelope Shaw,False,aavail_basic,3
893,united_states,30,Sunny Rocha,False,aavail_basic,14
894,united_states,27,Cohen Phelps,False,aavail_basic,17
895,united_states,37,Paisleigh Bauer,False,aavail_unlimited,17
896,singapore,32,Ryder Welch,False,aavail_basic,19
896,singapore,32,Ryder Welch,True,aavail_basic,19
897,united_states,28,Jordan Escobar,False,aavail_basic,18
898,united_states,45,Ramona Donovan,False,aavail_premium,21
899,singapore,33,Keenan Krueger,False,aavail_basic,19
900,united_states,36,Emery Blankenship,False,aavail_basic,20
901,united_states,28,Timothy Hayden,False,aavail_premium,20
902,united_states,27,Maximo Bonilla,False,aavail_basic,14
902,united_states,27,Maximo Bonilla,True,aavail_basic,14
903,united_states,28,Waylon Kline,False,aavail_basic,20
904,united_states,31,Uriel Hudson,False,aavail_basic,18
905,united_states,33,Kannon Russell,False,aavail_unlimited,22
906,united_states,27,Xiomara Benjamin,False,aavail_basic,20
907,singapore,36,Samira Roach,False,aavail_premium,16
907,singapore,36,Samira Roach,True,aavail_premium,16
908,singapore,-49,Thiago Foster,False,aavail_basic,18
909,united_states,30,Alonzo Li,False,aavail_premium,22
909,united_states,30,Alonzo Li,True,aavail_premium,22
910,singapore,28,Maxton Tyler,False,aavail_basic,21
911,united_states,31,Yael Gill,False,aavail_premium,16
912,singapore,33,Ray Lynn,False,aavail_basic,20
913,singapore,28,Amara Boyle,False,aavail_premium,13
913,singapore,28,Amara Boyle,True,aavail_premium,13
914,united_states,23,Orlando Gonzales,False,aavail_unlimited,18
915,united_states,31,Aries Parra,False,aavail_basic,19
916,united_states,27,Matteo Townsend,False,aavail_basic,14
917,singapore,29,Tatum Atkinson,False,aavail_unlimited,15
917,singapore,29,Tatum Atkinson,True,aavail_unlimited,15
918,united_states,30,Nyla Burton,False,aavail_basic,17
919,united_states,30,Jenna Poole,False,aavail_basic,18
920,singapore,29,Drake Love,False,aavail_premium,9
920,singapore,29,Drake Love,True,aavail_premium,9
921,singapore,26,Emmaline Frank,False,aavail_premium,14
921,singapore,26,Emmaline Frank,True,aavail_premium,14
922,united_states,43,Riley Hebert,False,aavail_basic,22
923,united_states,38,Sophia Deleon,False,aavail_premium,14
924,united_states,20,Margot Marshall,False,aavail_unlimited,18
925,united_states,31,Reginald Mejia,False,aavail_unlimited,18
926,united_states,28,Dennis Sparks,False,aavail_premium,23
927,singapore,34,Preston Page,False,aavail_unlimited,20
928,united_states,30,Marvin Sutton,False,aavail_unlimited,19
929,united_states,42,Jemma Colon,False,aavail_basic,25
929,united_states,42,Jemma Colon,True,aavail_basic,25
930,united_states,27,Jerry Cordova,False,aavail_basic,19
931,united_states,48,Chance Good,False,aavail_premium,19
932,singapore,32,Noor Stuart,False,aavail_premium,9
933,united_states,32,Carmen Blair,False,aavail_unlimited,18
934,united_states,46,Forrest Parks,False,aavail_unlimited,19
935,united_states,28,Antonio Burnett,False,aavail_premium,19
936,united_states,33,Terrance Bernard,False,aavail_unlimited,17
937,united_states,27,Jaylen Rhodes,False,aavail_basic,19
937,united_states,27,Jaylen Rhodes,True,aavail_basic,19
938,singapore,29,Ashley Zimmerman,False,aavail_basic,20
938,singapore,29,Ashley Zimmerman,True,aavail_basic,20
939,united_states,40,Hugh Livingston,False,aavail_unlimited,19
940,united_states,31,Nickolas Mays,False,aavail_basic,18
941,united_states,36,Brock Benson,False,aavail_unlimited,18
942,united_states,47,Conrad Choi,False,aavail_basic,18
943,singapore,44,Gracelynn Fry,False,aavail_unlimited,24
943,singapore,44,Gracelynn Fry,True,aavail_unlimited,24
944,united_states,30,Cadence Holland,False,aavail_premium,18
945,singapore,31,Jasiah Schroeder,False,aavail_basic,16
945,singapore,31,Jasiah Schroeder,True,aavail_basic,16
946,united_states,45,Lionel Snyder,False,aavail_unlimited,21
947,united_states,28,Nasir Morgan,False,aavail_unlimited,22
948,united_states,32,Adaline Ortiz,False,aavail_premium,18
949,united_states,29,Aubriella Mccoy,False,aavail_basic,22
949,united_states,29,Aubriella Mccoy,True,aavail_basic,22
950,singapore,27,Grant Preston,False,aavail_premium,13
950,singapore,27,Grant Preston,True,aavail_premium,13
951,united_states,27,Annie Henderson,False,aavail_premium,23
952,united_states,35,Kayleigh Lugo,False,aavail_premium,23
953,united_states,27,Travis Harrington,False,aavail_premium,20
954,united_states,46,Haley Velez,False,aavail_premium,20
955,united_states,32,Beckham Rosales,False,aavail_premium,24
956,united_states,50,Harper Collins,False,aavail_basic,21
957,singapore,26,Stetson Kim,False,aavail_basic,20
958,singapore,-48,Edgar Browning,False,aavail_premium,12
959,united_states,30,Deandre Lyons,False,aavail_premium,17
960,united_states,48,Juliana Arnold,False,aavail_unlimited,22
961,united_states,30,Nicholas Mcintyre,False,aavail_unlimited,21
962,singapore,45,Jurnee Clay,False,aavail_premium,12
963,united_states,34,Thomas Allison,False,aavail_basic,26
964,united_states,47,Dakota Gray,False,aavail_basic,21
965,united_states,45,Saint Wright,False,aavail_basic,20
966,united_states,27,Clay Rush,False,aavail_premium,22
967,singapore,25,Aniyah Moreno,False,aavail_premium,15
968,united_states,37,Samson Hicks,False,aavail_premium,20
969,united_states,29,Ezequiel Drake,False,aavail_basic,17
970,singapore,-46,Gordon Proctor,False,aavail_premium,13
970,singapore,-46,Gordon Proctor,True,aavail_premium,13
971,united_states,33,Teagan Griffin,False,aavail_premium,18
972,united_states,26,Diana Wise,False,aavail_unlimited,22
973,united_states,-49,Maryam Sheppard,False,aavail_basic,17
974,united_states,21,Simon Stokes,False,aavail_unlimited,17
975,united_states,-41,Leo Harper,False,aavail_basic,22
975,united_states,-41,Leo Harper,True,aavail_basic,22
976,united_states,29,Thatcher Best,False,aavail_basic,18
977,united_states,32,Crew West,False,aavail_unlimited,20
978,singapore,26,Boston Stark,False,aavail_premium,8
978,singapore,26,Boston Stark,True,aavail_premium,8
979,singapore,32,Elisha Bishop,False,aavail_basic,17
980,united_states,26,Forest Bradshaw,False,aavail_premium,19
980,united_states,26,Forest Bradshaw,True,aavail_premium,19
981,united_states,29,Carlos Mckenzie,False,aavail_unlimited,25
982,singapore,31,Cassandra Guerrero,False,aavail_basic,18
983,singapore,25,Dominic Trujillo,False,aavail_premium,13
984,singapore,-39,Westley Leon,False,aavail_basic,20
985,united_states,30,Juliette Fitzgerald,False,aavail_premium,22
986,united_states,33,Adam Burns,False,aavail_basic,19
987,united_states,30,Bianca Benitez,False,aavail_basic,15
988,united_states,27,Soren Leach,False,aavail_premium,17
989,united_states,40,Anakin Shepherd,False,aavail_basic,13
990,united_states,34,Liv Howard,False,aavail_basic,21
991,singapore,31,Mariah Rangel,False,aavail_basic,11
992,united_states,23,Mary Newton,False,aavail_premium,20
992,united_states,23,Mary Newton,True,aavail_premium,20
993,united_states,32,Asher Shelton,False,aavail_unlimited,22
994,united_states,45,Zahir Cabrera,False,aavail_unlimited,7
995,united_states,26,Steven Bean,False,aavail_basic,21
996,singapore,-38,Peyton Enriquez,False,aavail_unlimited,14
996,singapore,-38,Peyton Enriquez,True,aavail_unlimited,14
997,united_states,30,Amina Manning,False,aavail_basic,24
998,united_states,31,Brooks Ventura,False,aavail_unlimited,17
999,united_states,46,Nayeli Mathis,False,aavail_unlimited,16
1000,united_states,27,Cole Solis,False,aavail_unlimited,18
